,ID,Year_Birth,Generation,Education,Marital_Status,Income,Income_Category,Kidhome,Teenhome,Have_Child,Dt_Customer,Recency,MntWines,MntFruits,MntMeatProducts,MntFishProducts,MntSweetProducts,MntGoldProds,NumDealsPurchases,NumWebPurchases,NumCatalogPurchases,NumStorePurchases,NumWebVisitsMonth,AcceptedCmp1,AcceptedCmp2,AcceptedCmp3,AcceptedCmp4,AcceptedCmp5,AcceptedLastCmp,Complain,Churn
4,5324,1981,Gen Y,Doctorate,Married,58293.0,Middle,1,0,Yes,2014-01-19,94,173,43,118,46,27,15,5,5,3,6,5,0,0,0,0,0,0,0,True
17,6565,1949,Baby Boomers,Master,Married,76995.0,High,0,1,Yes,2013-03-28,91,1012,80,498,0,16,176,2,11,4,9,5,1,0,0,0,0,0,0,True
27,1966,1965,Gen X,Doctorate,Married,84618.0,Very High,0,0,No,2013-11-22,96,684,100,801,21,66,0,1,6,9,10,2,0,0,0,0,1,0,0,True
36,8595,1973,Gen X,Graduation,Widow,42429.0,Middle,0,1,Yes,2014-02-11,99,55,0,6,2,0,4,2,1,1,3,5,0,0,0,0,0,0,0,True
44,7286,1968,Gen X,Graduation,Together,41728.0,Middle,1,0,Yes,2013-05-24,92,13,6,15,3,5,13,1,2,0,2,10,0,0,0,0,0,0,0,True
64,1357,1970,Gen X,Graduation,Together,74854.0,High,1,2,Yes,2013-04-08,90,856,59,487,58,29,73,7,2,5,5,5,0,0,0,0,0,0,0,True
79,5268,1960,Baby Boomers,Graduation,Married,29440.0,Low,1,1,Yes,2013-08-11,95,17,8,14,10,4,3,2,1,0,4,7,0,0,0,0,0,0,0,True
96,8373,1979,Gen X,High School,Together,24594.0,Low,1,0,Yes,2013-12-10,94,1,3,6,10,0,9,1,1,0,3,5,0,0,0,0,0,0,0,True
104,999,1991,Gen Y,Graduation,Single,86037.0,Very High,0,0,No,2013-01-02,95,490,44,125,29,20,22,1,6,7,11,3,0,0,0,1,1,1,0,True
137,5885,1973,Gen X,Master,Married,35688.0,Low,2,1,Yes,2012-08-22,94,73,3,90,12,1,32,7,4,1,4,8,0,0,0,0,0,0,0,True
140,7987,1969,Gen X,Graduation,Married,65747.0,High,0,1,Yes,2014-03-07,96,346,17,48,23,13,13,4,8,1,6,6,0,0,0,1,0,0,0,True
151,8182,1984,Gen Y,Graduation,Married,23228.0,Low,1,0,Yes,2014-01-05,91,53,3,49,7,4,5,4,3,0,4,8,0,0,0,0,0,0,0,True
153,8475,1973,Gen X,Doctorate,Married,157243.0,Very High,0,1,Yes,2014-03-01,98,20,2,1582,1,2,1,15,0,22,0,0,0,0,0,0,0,0,0,True
166,10854,1970,Gen X,Doctorate,Married,38853.0,Low,1,1,Yes,2014-05-23,90,29,0,14,0,0,2,2,2,0,3,7,0,0,0,0,0,0,0,True
167,10492,1959,Baby Boomers,Graduation,Together,38285.0,Low,2,1,Yes,2014-06-24,96,2,0,5,2,0,1,1,0,0,3,2,0,0,0,0,0,0,0,True
180,5602,1989,Gen Y,Doctorate,Together,66973.0,High,0,0,No,2013-05-17,98,466,22,432,147,113,102,1,8,7,12,3,0,0,0,0,0,0,0,True
181,1324,1988,Gen Y,Graduation,Married,38872.0,Low,1,0,Yes,2013-05-30,93,23,3,21,3,19,22,2,3,0,3,8,0,0,0,0,0,0,0,True
196,868,1966,Gen X,Graduation,Married,44794.0,Middle,0,1,Yes,2014-06-08,99,54,0,7,0,0,4,1,2,0,3,6,0,0,0,0,0,0,0,True
208,1755,1988,Gen Y,Master,Together,45204.0,Middle,1,0,Yes,2014-04-11,93,30,11,25,29,1,18,1,1,1,4,3,0,0,0,0,0,0,0,True
227,313,1968,Gen X,Graduation,Widow,73455.0,High,0,0,No,2013-10-28,98,901,61,757,186,163,20,1,6,5,10,3,0,0,0,1,0,0,0,True
228,9940,1958,Baby Boomers,Graduation,Together,64961.0,High,0,1,Yes,2012-12-23,97,382,114,276,75,124,38,2,6,4,4,3,0,0,0,0,0,0,0,True
235,8867,1988,Gen Y,Doctorate,Married,67546.0,High,0,0,No,2012-08-31,90,864,134,768,150,38,172,1,4,10,5,3,0,0,0,0,0,0,0,True
240,2227,1958,Baby Boomers,Master,Together,26490.0,Low,0,0,No,2012-09-22,92,45,47,52,21,20,25,2,3,1,5,6,0,0,0,0,0,0,0,True
244,3406,1964,Baby Boomers,Graduation,Single,45989.0,Middle,0,1,Yes,2012-10-22,97,138,33,87,28,24,12,4,3,2,7,3,0,0,0,0,0,0,0,True
245,2661,1964,Baby Boomers,Graduation,Single,18701.0,Very Low,1,1,Yes,2013-06-04,95,12,4,2,10,6,10,4,2,0,4,5,0,0,0,0,0,0,0,True
295,4440,1964,Baby Boomers,Master,Married,64100.0,High,0,1,Yes,2013-09-10,93,509,0,27,0,0,10,1,8,3,6,7,0,0,0,1,0,0,0,True
324,10172,1988,Gen Y,Graduation,Single,68655.0,High,0,0,No,2012-08-10,95,456,19,832,75,118,38,1,4,5,11,3,0,0,0,0,0,0,0,True
333,11030,1976,Gen X,Master,Married,33181.0,Low,1,0,Yes,2014-01-03,90,9,0,3,0,0,4,1,1,0,2,6,0,0,1,0,0,0,0,True
334,2579,1957,Baby Boomers,Graduation,Married,71113.0,High,0,1,Yes,2013-12-17,95,495,33,255,11,33,8,4,6,7,9,4,0,0,0,0,0,0,0,True
335,175,1986,Gen Y,Graduation,Married,71952.0,High,1,0,Yes,2013-01-10,93,656,80,455,52,107,93,2,8,4,8,4,0,0,1,0,1,0,0,True
363,1517,1969,Gen X,Graduation,Single,30822.0,Low,1,0,Yes,2013-06-14,92,3,9,13,2,12,12,1,1,0,3,7,0,0,0,0,0,0,0,True
367,3310,1973,Gen X,Master,Married,35688.0,Low,2,1,Yes,2012-08-22,94,73,3,90,12,1,32,7,4,1,4,8,0,0,0,0,0,0,0,True
397,7422,1987,Gen Y,Graduation,Single,46923.0,Middle,1,0,Yes,2012-08-22,90,85,44,54,102,78,6,3,5,1,7,7,0,0,0,0,0,0,0,True
423,456,1986,Gen Y,Master,Married,7500.0,Very Low,1,0,Yes,2013-02-07,96,1,11,5,4,6,9,2,2,0,3,8,0,0,0,0,0,0,0,True
428,2106,1974,Gen X,Master,Married,20130.0,Low,0,0,No,2014-03-17,99,0,6,3,7,6,12,1,1,0,3,8,0,0,0,0,0,0,0,True
430,5954,1972,Gen X,Master,Divorced,42618.0,Middle,1,0,Yes,2013-10-09,92,76,14,74,13,5,10,2,5,0,4,8,0,0,0,0,0,0,0,True
433,1142,1953,Baby Boomers,Doctorate,Married,55707.0,Middle,0,1,Yes,2013-12-22,91,208,7,82,30,66,35,2,3,2,9,3,0,0,0,0,0,0,0,True
439,4148,1972,Gen X,Graduation,Married,38988.0,Low,1,2,Yes,2012-08-20,90,164,24,103,12,3,42,7,5,1,6,8,0,0,0,0,0,0,0,True
453,3916,1971,Gen X,Doctorate,Together,49269.0,Middle,1,0,Yes,2012-08-15,92,639,8,166,11,8,58,3,7,3,12,7,0,0,0,0,0,0,0,True
457,6619,1978,Gen X,Graduation,Married,38415.0,Low,1,1,Yes,2013-01-02,91,22,1,13,4,0,4,2,1,0,3,7,0,0,0,0,0,0,0,True
462,8970,1972,Gen X,Doctorate,Married,62010.0,High,0,1,Yes,2012-10-23,93,371,22,39,6,0,92,4,6,2,7,5,0,0,0,0,0,0,0,True
468,9286,1960,Baby Boomers,Master,Together,83151.0,Very High,0,0,No,2012-10-10,93,407,28,100,120,74,18,1,5,9,4,3,0,0,0,0,0,0,0,True
471,5562,1974,Gen X,Graduation,Married,60093.0,High,0,1,Yes,2013-06-26,92,502,12,109,16,6,90,2,7,2,10,6,0,0,0,0,0,0,0,True
473,3921,1952,Baby Boomers,Master,Widow,28457.0,Low,0,0,No,2012-10-28,96,24,1,108,29,29,14,1,4,1,4,8,0,0,0,0,0,0,0,True
475,22,1976,Gen X,Graduation,Divorced,46310.0,Middle,1,0,Yes,2012-12-03,99,185,2,88,15,5,14,2,6,1,5,8,0,0,0,0,0,0,0,True
484,9135,1950,Baby Boomers,Graduation,Together,27203.0,Low,1,1,Yes,2012-08-06,92,13,2,21,4,0,24,2,1,1,2,8,0,0,0,0,0,0,0,True
494,9925,1981,Gen Y,Doctorate,Together,39665.0,Low,1,0,Yes,2013-05-25,97,127,1,56,0,1,31,3,4,2,3,7,0,0,1,0,0,0,0,True
496,5389,1964,Baby Boomers,Graduation,Married,48920.0,Middle,0,2,Yes,2013-10-20,93,238,17,68,8,10,6,3,6,2,5,7,0,0,0,1,0,0,0,True
505,2532,1987,Gen Y,Master,Single,73454.0,High,0,0,No,2014-03-01,95,982,73,351,56,14,175,1,2,4,6,5,0,0,1,0,0,0,0,True
529,8541,1990,Gen Y,Master,Married,24683.0,Low,1,0,Yes,2014-03-08,98,8,4,10,6,7,6,2,2,0,4,5,0,0,0,0,0,0,0,True
573,4179,1959,Baby Boomers,Graduation,Together,24221.0,Low,0,0,No,2013-08-20,94,8,9,9,2,5,22,1,1,1,3,4,0,0,0,0,0,0,0,True
576,4501,1965,Gen X,Master,Single,69882.0,High,0,0,No,2013-11-10,94,292,127,635,132,127,165,1,3,7,9,1,0,0,0,0,0,0,0,True
590,7232,1973,Gen X,Graduation,Widow,42429.0,Middle,0,1,Yes,2014-02-11,99,55,0,6,2,0,4,2,1,1,3,5,0,0,0,0,0,0,0,True
595,4587,1944,Silent,Master,Widow,45006.0,Middle,0,0,No,2013-07-18,90,162,25,53,16,0,10,1,3,1,7,3,0,0,0,0,0,0,0,True
600,8953,1965,Gen X,Master,Single,35791.0,Low,2,1,Yes,2013-05-06,94,27,0,5,0,0,3,2,1,0,3,8,0,0,0,0,0,0,0,True
605,6941,1971,Gen X,Graduation,Single,31632.0,Low,0,0,No,2013-07-14,92,17,8,12,11,15,32,1,2,1,2,7,0,0,0,0,0,0,0,True
609,3641,1976,Gen X,Graduation,Married,13624.0,Very Low,1,0,Yes,2013-01-20,93,10,2,15,2,1,6,2,2,0,3,6,0,0,0,0,0,0,0,True
612,3469,1977,Gen X,Doctorate,Divorced,34487.0,Low,1,1,Yes,2012-09-06,94,19,18,33,24,1,8,3,3,0,3,9,0,0,0,0,0,0,0,True
641,946,1958,Baby Boomers,Master,Together,26490.0,Low,0,0,No,2012-09-22,92,45,47,52,21,20,25,2,3,1,5,6,0,0,0,0,0,0,0,True
669,10142,1976,Gen X,Doctorate,Divorced,66476.0,High,0,1,Yes,2013-03-07,99,372,18,126,47,48,78,2,5,2,11,4,0,0,0,0,0,0,0,True
670,9826,1972,Gen X,Doctorate,Single,86857.0,Very High,0,0,No,2012-09-12,96,899,102,838,133,102,40,1,5,6,10,2,0,0,0,0,0,1,0,True
674,7230,1960,Baby Boomers,Doctorate,Divorced,50611.0,Middle,0,1,Yes,2012-10-04,98,459,0,24,6,0,4,6,4,5,7,6,0,0,0,1,0,1,0,True
676,450,1958,Baby Boomers,Master,Together,42315.0,Middle,0,1,Yes,2013-07-12,90,67,15,80,17,11,80,3,1,4,4,3,0,0,0,0,0,0,0,True
679,9239,1961,Baby Boomers,Master,Married,61923.0,High,0,2,Yes,2013-07-26,94,92,4,18,3,3,6,1,2,1,4,3,0,0,0,0,0,0,0,True
684,9977,1973,Gen X,Graduation,Divorced,78901.0,High,0,1,Yes,2013-09-17,99,321,11,309,33,26,34,3,9,3,5,4,0,0,0,0,0,0,0,True
689,6988,1986,Gen Y,Graduation,Married,71952.0,High,1,0,Yes,2013-01-10,93,656,80,455,52,107,93,2,8,4,8,4,0,0,1,0,1,0,0,True
692,3336,1948,Baby Boomers,Doctorate,Together,66375.0,High,0,1,Yes,2013-11-21,96,712,0,45,0,0,191,3,2,4,5,7,0,0,1,0,0,0,0,True
705,4990,1954,Baby Boomers,Graduation,Married,59111.0,Middle,0,0,No,2013-05-02,90,524,0,134,28,28,155,1,11,1,8,7,0,0,0,0,0,0,0,True
709,7212,1966,Gen X,Graduation,Married,44794.0,Middle,0,1,Yes,2014-06-08,99,54,0,7,0,0,4,1,2,0,3,6,0,0,0,0,0,0,0,True
735,7938,1958,Baby Boomers,Doctorate,Together,51518.0,Middle,0,1,Yes,2013-10-03,92,350,8,66,17,4,4,2,3,2,10,3,0,0,0,0,0,0,0,True
748,4508,1952,Baby Boomers,Graduation,Single,75127.0,High,0,0,No,2014-05-22,92,203,35,305,46,17,227,1,2,11,5,1,0,0,0,0,0,0,0,True
749,221,1955,Baby Boomers,Graduation,Married,48726.0,Middle,0,1,Yes,2013-04-27,90,138,3,38,4,0,59,3,3,2,4,6,0,0,0,0,0,0,0,True
752,20,1965,Gen X,Master,Married,46891.0,Middle,0,1,Yes,2013-09-01,91,43,12,23,29,15,61,1,2,1,4,4,0,0,0,0,0,0,0,True
761,4964,1958,Baby Boomers,Doctorate,Together,74250.0,High,0,0,No,2014-01-26,90,680,11,392,75,0,0,1,2,11,4,1,0,0,0,0,0,0,0,True
770,1135,1960,Baby Boomers,Master,Together,17144.0,Very Low,1,1,Yes,2014-02-15,96,18,2,19,0,2,6,5,3,0,4,7,0,0,0,0,0,0,0,True
780,6722,1954,Baby Boomers,Doctorate,Married,70421.0,High,0,1,Yes,2014-06-28,98,479,28,136,75,14,35,3,10,3,7,6,0,0,0,0,0,0,0,True
810,9499,1954,Baby Boomers,Graduation,Married,93404.0,Very High,1,2,Yes,2013-05-07,97,1279,15,287,20,0,15,3,3,4,7,5,0,0,0,1,1,0,0,True
815,8560,1992,Gen Y,Graduation,Single,48789.0,Middle,0,0,No,2012-09-10,94,351,16,156,7,5,145,1,6,4,7,6,0,0,0,0,0,0,0,True
818,10402,1967,Gen X,Graduation,Married,35441.0,Low,1,1,Yes,2013-02-14,94,25,1,9,2,1,1,2,1,0,3,8,0,0,0,0,0,0,0,True
821,5687,1980,Gen X,Graduation,Divorced,81702.0,Very High,0,0,No,2012-09-23,98,563,50,774,28,31,187,1,7,7,12,3,0,0,0,0,0,0,0,True
833,10262,1980,Gen X,Graduation,Married,15072.0,Very Low,2,0,Yes,2013-05-10,96,8,2,15,0,10,18,4,3,1,3,5,0,0,0,0,0,0,0,True
846,9553,1987,Gen Y,Graduation,Married,7500.0,Very Low,0,0,No,2013-01-09,94,0,2,3,4,1,5,1,0,0,3,6,0,0,0,0,0,0,0,True
859,4789,1953,Baby Boomers,Graduation,Together,80812.0,Very High,0,0,No,2013-09-17,95,769,22,500,210,143,33,1,4,8,5,2,1,0,1,0,1,0,0,True
863,3270,1978,Gen X,Master,Together,17117.0,Very Low,1,0,Yes,2013-01-17,96,12,23,38,30,18,7,4,3,1,3,9,0,0,0,0,0,0,0,True
868,5830,1972,Gen X,Doctorate,Single,86857.0,Very High,0,0,No,2012-09-12,96,899,102,838,133,102,40,1,5,6,10,2,0,0,0,0,0,1,0,True
876,10925,1983,Gen Y,Graduation,Married,76630.0,High,0,0,No,2014-01-14,93,255,31,446,40,56,175,1,3,10,11,1,0,0,0,0,0,0,0,True
881,5046,1958,Baby Boomers,Graduation,Divorced,78331.0,High,0,1,Yes,2014-01-23,97,756,138,354,160,169,61,2,10,6,7,4,0,0,0,0,0,0,0,True
889,11074,1977,Gen X,Graduation,Single,85072.0,Very High,0,0,No,2014-04-09,94,494,92,391,194,11,241,1,3,4,10,0,0,0,0,0,0,0,0,True
892,6534,1974,Gen X,Graduation,Together,47889.0,Middle,1,0,Yes,2014-01-04,94,29,0,29,0,5,4,1,2,0,3,5,0,0,0,0,0,0,0,True
909,5871,1979,Gen X,Master,Together,24401.0,Low,0,0,No,2012-08-31,98,73,28,217,10,24,115,3,6,1,6,8,0,0,0,0,0,0,0,True
910,2008,1978,Gen X,Graduation,Married,77583.0,High,0,0,No,2014-02-10,93,372,23,384,250,12,108,1,4,5,9,2,1,0,0,0,0,0,0,True
918,4843,1952,Baby Boomers,Graduation,Single,75127.0,High,0,0,No,2014-05-22,92,203,35,305,46,17,227,1,2,11,5,1,0,0,0,0,0,0,0,True
932,6515,1977,Gen X,Graduation,Together,39771.0,Low,1,0,Yes,2013-12-06,92,6,2,18,2,8,14,1,2,0,3,4,0,0,0,0,0,0,0,True
940,5748,1965,Gen X,Graduation,Married,59754.0,Middle,0,1,Yes,2012-12-01,96,115,27,44,4,146,139,3,5,2,6,5,0,0,0,0,0,1,0,True
941,2134,1952,Baby Boomers,Graduation,Single,53700.0,Middle,0,1,Yes,2012-08-17,94,263,5,233,69,41,83,4,5,5,8,5,0,0,0,0,0,0,0,True
990,8952,1953,Baby Boomers,Master,Married,65569.0,High,0,1,Yes,2012-11-05,96,397,46,288,20,38,70,2,6,5,10,3,0,0,0,0,0,0,0,True
1011,3628,1987,Gen Y,High School,Single,15038.0,Very Low,1,0,Yes,2013-01-29,93,4,8,11,19,12,26,2,2,1,2,9,0,0,0,0,0,0,0,True
1017,5263,1977,Gen X,Master,Married,31056.0,Low,1,0,Yes,2013-01-22,99,5,10,13,3,8,16,1,1,0,3,8,0,0,0,0,0,0,0,True
1023,5863,1953,Baby Boomers,Graduation,Married,47703.0,Middle,0,1,Yes,2013-05-29,95,359,0,134,13,26,123,4,6,3,8,5,0,0,0,0,0,0,0,True
1025,6730,1954,Baby Boomers,Graduation,Married,38998.0,Low,1,1,Yes,2012-11-03,92,34,1,14,0,0,5,3,2,0,3,8,0,0,0,0,0,0,1,True
1030,4754,1966,Gen X,Master,Married,33585.0,Low,0,1,Yes,2013-09-25,91,30,11,33,13,6,29,1,2,0,4,4,0,0,0,0,0,0,0,True
1033,966,1966,Gen X,Graduation,Married,44529.0,Middle,0,1,Yes,2013-07-05,98,538,13,91,17,6,26,6,6,2,11,5,0,0,0,1,0,0,0,True
1040,3846,1974,Gen X,Graduation,Married,42557.0,Middle,0,1,Yes,2012-08-29,98,192,5,53,0,5,15,4,6,1,4,8,0,0,0,0,0,0,0,True
1052,4817,1956,Baby Boomers,Graduation,Divorced,22304.0,Low,0,0,No,2012-08-04,91,3,2,7,0,4,2,1,1,0,2,8,0,0,0,0,0,0,0,True
1053,2875,1978,Gen X,Graduation,Married,67023.0,High,0,0,No,2014-03-04,93,444,44,382,11,8,17,1,3,7,13,2,0,0,0,0,0,0,1,True
1057,9197,1953,Baby Boomers,Graduation,Married,39722.0,Low,0,1,Yes,2014-02-24,92,32,0,5,2,0,8,2,2,0,3,5,0,0,0,0,0,0,0,True
1067,9523,1982,Gen Y,Graduation,Together,40479.0,Middle,1,0,Yes,2013-08-17,95,5,0,8,2,0,0,1,0,0,3,4,0,0,0,0,0,0,0,True
1075,1833,1974,Gen X,Doctorate,Single,39190.0,Low,1,0,Yes,2014-04-26,91,68,8,18,19,8,12,2,2,1,4,5,0,0,0,0,0,0,0,True
1086,1545,1986,Gen Y,Graduation,Married,38508.0,Low,1,0,Yes,2013-08-02,95,120,19,206,25,19,54,6,7,2,5,8,0,0,0,0,0,0,0,True
1103,2320,1978,Gen X,Master,Married,47025.0,Middle,0,1,Yes,2013-09-12,98,508,11,59,23,5,29,5,11,1,6,9,0,0,0,0,0,0,0,True
1111,1010,1977,Gen X,Graduation,Together,46931.0,Middle,2,1,Yes,2014-04-24,94,41,0,17,3,1,16,2,1,1,3,3,0,0,0,0,0,0,0,True
1119,7613,1974,Gen X,Master,Together,49669.0,Middle,1,0,Yes,2014-05-24,97,166,5,107,11,8,29,2,5,1,6,6,0,0,0,0,0,0,0,True
1132,7755,1954,Baby Boomers,Doctorate,Married,57744.0,Middle,0,1,Yes,2013-11-12,91,350,3,39,0,0,19,2,9,1,4,8,0,0,0,0,0,0,0,True
1135,8310,1964,Baby Boomers,Graduation,Together,68142.0,High,0,1,Yes,2012-08-29,96,897,126,196,91,112,37,3,10,4,7,6,0,0,0,0,0,0,0,True
1139,213,1963,Baby Boomers,Doctorate,Single,23091.0,Low,1,1,Yes,2014-05-28,98,35,0,11,0,0,2,4,2,1,3,7,0,0,0,0,0,0,0,True
1155,3363,1974,Gen X,Master,Married,20130.0,Low,0,0,No,2014-03-17,99,0,6,3,7,6,12,1,1,0,3,8,0,0,0,0,0,0,0,True
1159,1604,1960,Baby Boomers,Master,Married,47353.0,Middle,0,1,Yes,2013-11-13,93,184,2,19,8,8,4,3,2,2,6,5,0,0,0,0,0,0,0,True
1169,2292,1985,Gen Y,Graduation,Single,22327.0,Low,1,0,Yes,2013-08-02,94,5,4,8,2,0,5,1,1,0,3,5,0,0,0,0,0,0,0,True
1177,3515,1952,Baby Boomers,Graduation,Single,62307.0,High,0,1,Yes,2014-02-17,94,87,13,34,10,6,10,1,4,0,4,5,0,0,0,0,0,0,0,True
1180,2246,1965,Gen X,Master,Married,46891.0,Middle,0,1,Yes,2013-09-01,91,43,12,23,29,15,61,1,2,1,4,4,0,0,0,0,0,0,0,True
1190,7789,1965,Gen X,Doctorate,Married,84618.0,Very High,0,0,No,2013-11-22,96,684,100,801,21,66,0,1,6,9,10,2,0,0,0,0,1,0,0,True
1194,5644,1957,Baby Boomers,Graduation,Together,42213.0,Middle,0,1,Yes,2013-10-12,96,309,3,24,4,3,20,2,5,1,7,7,0,0,0,1,0,0,0,True
1221,9757,1972,Gen X,Graduation,Together,84906.0,Very High,0,0,No,2013-10-04,98,997,15,414,99,30,76,1,5,6,12,2,0,1,0,1,1,0,0,True
1228,1291,1978,Gen X,Doctorate,Together,27683.0,Low,1,0,Yes,2012-08-04,90,152,9,121,12,12,45,4,6,2,4,8,0,0,0,0,0,0,0,True
1236,5153,1967,Gen X,Doctorate,Married,77766.0,High,0,1,Yes,2013-02-22,97,1004,59,265,115,59,27,2,11,10,11,6,0,0,1,0,0,1,0,True
1237,961,1972,Gen X,Graduation,Married,74716.0,High,0,1,Yes,2013-09-12,92,133,27,421,13,195,71,2,7,3,5,4,0,0,0,0,0,0,0,True
1243,2147,1969,Gen X,Graduation,Together,76653.0,High,0,0,No,2013-08-16,91,736,63,946,219,189,126,1,4,7,11,2,1,0,0,0,1,0,0,True
1245,3979,1983,Gen Y,Doctorate,Divorced,90687.0,Very High,0,0,No,2013-05-22,98,982,17,672,23,34,51,1,6,2,8,2,0,0,0,0,1,1,0,True
1251,11114,1970,Gen X,Graduation,Together,19656.0,Very Low,1,0,Yes,2013-02-08,94,25,4,9,6,8,32,3,2,1,3,7,0,0,0,0,0,0,0,True
1258,7527,1968,Gen X,Master,Divorced,23748.0,Low,1,0,Yes,2012-11-21,97,6,6,29,12,15,8,3,2,1,3,8,0,0,0,0,0,0,0,True
1262,2931,1978,Gen X,Graduation,Divorced,71847.0,High,0,0,No,2012-09-21,95,737,21,106,55,63,210,0,6,7,9,3,1,0,0,0,0,0,0,True
1265,9516,1971,Gen X,Master,Divorced,49118.0,Middle,0,0,No,2012-08-18,90,620,54,239,99,98,119,2,9,7,10,7,0,1,0,1,0,1,0,True
1277,7128,1977,Gen X,Doctorate,Single,42997.0,Middle,1,1,Yes,2013-12-07,91,4,0,5,0,1,5,1,1,0,2,7,0,0,0,0,0,0,0,True
1280,1663,1978,Gen X,Doctorate,Together,34043.0,Low,1,0,Yes,2013-10-25,97,20,2,14,3,0,10,1,2,0,2,9,0,0,0,0,0,0,0,True
1288,6055,1979,Gen X,Graduation,Married,71626.0,High,0,0,No,2012-11-01,94,546,72,376,94,145,72,1,5,5,8,3,0,0,0,1,0,0,0,True
1334,10590,1956,Baby Boomers,Doctorate,Together,76542.0,High,0,0,No,2013-03-30,91,794,73,573,0,29,14,1,4,8,10,2,0,0,0,0,0,0,0,True
1351,3231,1973,Gen X,Graduation,Married,37971.0,Low,1,0,Yes,2013-11-25,97,5,4,10,2,2,7,1,1,0,3,8,0,0,0,0,0,0,0,True
1354,5948,1975,Gen X,Graduation,Single,57338.0,Middle,0,1,Yes,2014-04-29,96,143,6,52,11,8,17,2,4,1,5,5,0,0,0,0,0,0,0,True
1356,10258,1965,Gen X,Master,Single,35791.0,Low,2,1,Yes,2013-05-06,94,27,0,5,0,0,3,2,1,0,3,8,0,0,0,0,0,0,0,True
1357,5675,1960,Baby Boomers,Doctorate,Divorced,50611.0,Middle,0,1,Yes,2012-10-04,98,459,0,24,6,0,4,6,4,5,7,6,0,0,0,1,0,0,0,True
1380,4094,1961,Baby Boomers,Graduation,Married,60544.0,High,1,1,Yes,2012-08-25,92,201,2,43,3,5,35,4,5,1,5,6,0,0,0,0,0,0,0,True
1416,8588,1961,Baby Boomers,Graduation,Married,60544.0,High,1,1,Yes,2012-08-25,92,201,2,43,3,5,35,4,5,1,5,6,0,0,0,0,0,0,0,True
1418,574,1964,Baby Boomers,Graduation,Married,42523.0,Middle,0,0,No,2014-04-23,96,14,36,11,3,26,35,1,1,1,4,2,0,0,0,0,0,0,0,True
1426,8204,1971,Gen X,Master,Married,78041.0,High,0,0,No,2012-12-16,93,482,35,553,72,160,17,1,4,4,9,2,0,0,0,0,0,0,0,True
1427,5221,1957,Baby Boomers,Graduation,Married,52852.0,Middle,0,1,Yes,2012-12-01,93,714,8,99,11,0,47,4,10,7,5,8,0,0,1,0,0,0,0,True
1453,4070,1969,Gen X,Doctorate,Married,94871.0,Very High,0,2,Yes,2012-09-01,99,169,24,553,188,0,144,1,8,5,4,7,0,0,0,1,1,1,0,True
1466,2939,1970,Gen X,Master,Together,79419.0,High,0,0,No,2014-06-22,96,751,127,687,20,15,31,1,4,6,4,2,0,0,0,0,0,0,0,True
1492,9451,1965,Gen X,Graduation,Married,73538.0,High,0,1,Yes,2012-11-25,92,811,76,428,99,137,107,3,10,4,9,7,0,0,0,0,0,0,0,True
1514,3745,1988,Gen Y,Master,Married,23331.0,Low,1,0,Yes,2012-09-04,92,5,36,7,0,10,45,2,3,0,3,8,0,0,0,0,0,0,0,True
1515,9771,1988,Gen Y,Master,Single,23331.0,Low,1,0,Yes,2012-10-05,97,104,20,101,24,15,5,6,5,1,5,9,0,0,0,0,0,0,0,True
1516,451,1989,Gen Y,Graduation,Single,9255.0,Very Low,1,0,Yes,2013-12-20,91,9,0,7,2,0,4,1,1,1,2,8,0,0,0,0,0,0,0,True
1522,528,1978,Gen X,Graduation,Married,65819.0,High,0,0,No,2012-11-29,99,267,38,701,149,165,63,1,5,4,10,3,0,0,0,0,0,0,0,True
1524,5589,1964,Baby Boomers,Graduation,Divorced,51983.0,Middle,0,1,Yes,2012-08-31,95,631,0,115,10,7,30,3,9,2,10,7,0,0,0,0,0,0,0,True
1546,7476,1964,Baby Boomers,Master,Single,63972.0,High,0,1,Yes,2012-12-02,93,928,63,254,0,12,12,4,5,4,10,4,0,0,0,1,0,0,0,True
1551,9916,1954,Baby Boomers,Graduation,Married,38998.0,Low,1,1,Yes,2012-11-03,92,34,1,14,0,0,5,3,2,0,3,8,0,0,0,0,0,0,1,True
1576,24,1960,Baby Boomers,Master,Together,17144.0,Very Low,1,1,Yes,2014-02-15,96,18,2,19,0,2,6,5,3,0,4,7,0,0,0,0,0,0,0,True
1590,6729,1988,Gen Y,Graduation,Single,68655.0,High,0,0,No,2012-08-10,95,456,19,832,75,118,38,1,4,5,11,3,0,0,0,0,0,0,0,True
1593,1764,1975,Gen X,Graduation,Single,33955.0,Low,1,0,Yes,2013-08-09,92,100,2,128,23,7,10,4,5,1,5,8,0,0,0,0,0,0,0,True
1599,3298,1956,Baby Boomers,Master,Married,52973.0,Middle,0,1,Yes,2012-11-08,92,856,0,76,12,9,199,7,9,6,9,8,0,0,0,0,0,0,0,True
1623,3829,1979,Gen X,High School,Together,24594.0,Low,1,0,Yes,2013-12-10,94,1,3,6,10,0,9,1,1,0,3,5,0,0,0,0,0,0,0,True
1649,4127,1967,Gen X,Doctorate,Married,77766.0,High,0,1,Yes,2013-02-22,97,1004,59,265,115,59,27,2,11,10,11,6,0,0,1,0,0,1,0,True
1665,7947,1969,Gen X,Graduation,Married,42231.0,Middle,1,1,Yes,2014-03-25,99,24,0,8,0,1,4,1,1,0,3,5,0,0,0,0,0,0,0,True
1676,1890,1971,Gen X,Master,Together,42033.0,Middle,1,1,Yes,2012-09-19,95,11,1,4,2,0,7,1,1,0,2,7,0,0,0,0,0,0,0,True
1689,8070,1973,Gen X,Doctorate,Married,54222.0,Middle,0,1,Yes,2014-03-01,98,199,12,31,3,12,7,1,3,3,5,3,0,0,0,0,0,0,0,True
1692,2202,1978,Gen X,Graduation,Together,41154.0,Middle,0,1,Yes,2013-04-09,98,44,2,11,2,3,7,1,1,0,4,5,0,0,0,0,0,0,0,True
1693,7396,1966,Gen X,Graduation,Married,80398.0,Very High,0,0,No,2012-11-10,92,342,51,936,207,35,26,1,5,8,12,3,0,0,0,0,1,0,0,True
1712,4351,1955,Baby Boomers,Graduation,Divorced,37244.0,Low,1,1,Yes,2013-04-27,90,18,2,10,0,0,25,1,1,1,2,7,0,0,1,0,0,0,0,True
1720,48,1964,Baby Boomers,Graduation,Together,55761.0,Middle,0,1,Yes,2014-04-24,97,136,1,12,0,3,32,2,4,1,3,6,0,0,0,1,0,0,0,True
1728,5847,1969,Gen X,Graduation,Divorced,69901.0,High,0,1,Yes,2013-05-29,95,312,21,206,102,92,149,3,7,3,10,5,0,0,0,0,0,0,0,True
1762,9645,1968,Gen X,Graduation,Married,64590.0,High,0,0,No,2012-10-14,98,920,138,168,36,46,30,1,9,4,10,6,0,0,0,0,0,0,0,True
1763,10678,1959,Baby Boomers,Graduation,Together,71232.0,High,0,1,Yes,2013-11-28,91,653,17,170,34,26,17,2,11,2,10,7,0,0,0,0,0,0,0,True
1778,8439,1964,Baby Boomers,Graduation,Together,63404.0,High,0,2,Yes,2014-06-06,97,734,26,70,11,44,17,2,6,3,4,4,1,0,0,0,0,0,0,True
1780,2831,1976,Gen X,Graduation,Together,78416.0,High,0,1,Yes,2014-06-27,99,453,38,279,188,38,183,2,7,7,10,3,0,0,0,0,0,0,0,True
1786,6237,1966,Gen X,Doctorate,Single,7144.0,Very Low,0,2,Yes,2013-12-07,92,81,4,33,5,2,291,0,23,1,1,0,0,0,0,0,0,0,0,True
1787,3130,1964,Baby Boomers,Graduation,Single,18701.0,Very Low,1,1,Yes,2013-06-04,95,12,4,2,10,6,10,4,2,0,4,5,0,0,0,0,0,0,0,True
1798,10307,1956,Baby Boomers,Graduation,Married,50387.0,Middle,0,2,Yes,2013-08-31,91,369,9,87,12,14,34,3,6,2,8,5,0,0,0,0,0,0,0,True
1800,2415,1962,Baby Boomers,Graduation,Together,62568.0,High,0,1,Yes,2014-04-07,99,362,17,398,80,35,61,3,5,3,5,4,1,0,0,0,0,0,0,True
1806,5441,1965,Gen X,Doctorate,Widow,54111.0,Middle,0,1,Yes,2013-08-25,97,267,6,54,8,3,50,2,5,2,6,5,0,0,0,0,0,0,0,True
1808,4687,1958,Baby Boomers,Master,Married,80739.0,Very High,0,0,No,2013-05-23,92,674,92,736,39,0,92,1,3,11,9,1,0,0,0,0,0,0,0,True
1822,7419,1968,Gen X,Master,Divorced,27071.0,Low,1,0,Yes,2014-04-23,90,8,3,19,0,2,3,2,2,0,3,6,0,0,0,0,0,0,0,True
1851,8602,1964,Baby Boomers,Graduation,Divorced,69932.0,High,0,1,Yes,2013-06-12,97,412,172,153,150,105,57,2,7,6,11,4,0,0,0,0,0,0,0,True
1870,2747,1988,Gen Y,Doctorate,Married,67546.0,High,0,0,No,2012-08-31,90,864,134,768,150,38,172,1,4,10,5,3,0,0,0,0,0,0,0,True
1874,1743,1974,Gen X,Graduation,Single,69719.0,High,0,0,No,2014-05-26,99,273,86,208,177,14,43,1,2,3,5,1,0,0,0,0,0,0,0,True
1877,5558,1954,Baby Boomers,Doctorate,Single,90933.0,Very High,0,0,No,2014-03-31,90,1020,31,430,62,63,79,1,4,6,4,1,0,0,0,0,1,0,0,True
1882,5896,1987,Gen Y,Master,Married,73395.0,High,0,0,No,2014-03-18,94,272,7,80,20,7,11,1,4,4,6,2,0,0,0,0,0,0,0,True
1889,5623,1980,Gen X,Master,Married,31535.0,Low,1,0,Yes,2013-09-26,95,15,4,13,0,0,19,1,1,1,2,7,0,0,1,0,0,0,0,True
1893,5831,1967,Gen X,Graduation,Married,77870.0,High,0,1,Yes,2012-08-22,93,1017,50,500,65,50,133,3,5,5,5,8,1,0,0,1,0,1,0,True
1911,2878,1947,Baby Boomers,Doctorate,Married,67472.0,High,0,1,Yes,2013-09-28,93,162,31,127,8,17,69,2,4,2,7,3,0,0,0,0,0,0,0,True
1924,5015,1976,Gen X,Master,Married,34529.0,Low,1,0,Yes,2012-09-14,94,68,6,38,3,6,41,2,2,2,3,7,0,0,0,0,0,0,0,True
1930,6663,1940,Silent,Doctorate,Single,51141.0,Middle,0,0,No,2013-07-08,96,144,0,7,0,0,6,1,3,1,4,5,0,0,0,0,0,0,0,True
1960,3032,1984,Gen Y,Graduation,Married,24570.0,Low,1,0,Yes,2013-02-27,97,28,34,62,11,14,44,3,4,0,4,9,0,0,0,0,0,0,0,True
1985,7181,1977,Gen X,Graduation,Married,30368.0,Low,0,1,Yes,2013-11-07,97,35,0,13,2,0,2,2,2,0,3,8,0,0,0,0,0,0,0,True
1989,832,1966,Gen X,Doctorate,Together,65814.0,High,0,1,Yes,2014-03-02,90,561,14,113,10,14,35,3,8,2,10,5,0,0,0,0,0,0,0,True
1993,1951,1981,Gen Y,High School,Married,34445.0,Low,0,0,No,2013-01-27,92,228,122,122,208,129,30,6,11,2,8,9,0,0,0,0,0,0,0,True
2009,10001,1985,Gen Y,Master,Together,7500.0,Very Low,1,0,Yes,2012-08-01,98,5,17,17,13,14,34,4,2,1,3,9,0,0,0,0,0,0,0,True
2016,4786,1977,Gen X,Graduation,Married,75330.0,High,1,1,Yes,2012-10-04,94,555,82,257,93,61,61,4,10,3,12,6,0,0,0,0,0,0,0,True
2018,6568,1984,Gen Y,Graduation,Married,38680.0,Low,1,0,Yes,2013-03-28,97,11,0,36,15,5,12,1,2,0,3,7,0,0,0,0,0,0,0,True
2020,5631,1991,Gen Y,Graduation,Single,49767.0,Middle,0,0,No,2013-05-02,92,202,47,197,55,42,149,1,5,4,8,4,0,0,0,0,0,0,0,True
2021,4974,1970,Gen X,Graduation,Single,83273.0,Very High,1,2,Yes,2012-09-25,98,433,89,650,16,102,102,10,4,6,9,7,0,0,0,0,0,0,0,True
2034,6382,1953,Baby Boomers,Graduation,Together,48794.0,Middle,1,1,Yes,2014-06-26,97,25,0,11,3,0,15,1,1,0,3,4,0,0,0,0,0,0,0,True
2041,322,1978,Gen X,Graduation,Together,42554.0,Middle,1,1,Yes,2013-01-12,93,29,1,11,0,0,0,2,2,0,3,4,0,0,0,0,0,0,0,True
2043,123,1951,Baby Boomers,Graduation,Widow,67046.0,High,0,1,Yes,2013-01-06,92,544,35,133,23,151,107,2,4,5,4,2,0,0,0,0,0,0,0,True
2046,10500,1984,Gen Y,Graduation,Married,31761.0,Low,1,0,Yes,2014-04-05,96,19,1,20,16,14,28,2,3,0,4,5,0,0,0,0,0,0,0,True
2052,2254,1983,Gen Y,Graduation,Married,69520.0,High,0,0,No,2013-07-07,95,627,120,414,121,80,93,1,9,6,5,5,0,0,0,0,0,0,0,True
2069,11031,1950,Baby Boomers,Doctorate,Married,48699.0,Middle,1,1,Yes,2013-05-21,90,26,1,10,2,0,1,1,1,0,3,5,0,0,0,0,0,0,0,True
2088,1916,1954,Baby Boomers,Master,Married,45736.0,Middle,0,1,Yes,2013-07-24,92,188,3,180,20,3,43,5,7,1,6,7,0,0,0,0,0,0,0,True
2092,6262,1962,Baby Boomers,Master,Single,72217.0,High,0,0,No,2013-04-10,93,816,42,450,55,56,154,1,3,10,8,2,0,0,0,0,0,0,0,True
2099,2088,1972,Gen X,Graduation,Together,84906.0,Very High,0,0,No,2013-10-04,98,997,15,414,99,30,76,1,5,6,12,2,0,1,0,1,1,0,0,True
2134,5667,1964,Baby Boomers,Doctorate,Married,60896.0,High,0,1,Yes,2012-10-11,90,1013,30,399,60,46,153,3,9,10,4,6,0,0,0,0,0,1,0,True
2139,9706,1974,Gen X,Doctorate,Single,31560.0,Low,1,0,Yes,2013-06-24,98,62,1,20,4,0,7,2,2,1,3,8,0,0,0,0,0,0,0,True
2141,3520,1990,Gen Y,Master,Single,91172.0,Very High,0,0,No,2013-03-27,94,162,28,818,0,28,56,0,4,3,7,3,1,1,1,0,1,1,0,True
2142,10394,1984,Gen Y,Graduation,Married,90000.0,Very High,0,0,No,2013-12-23,91,675,144,133,94,192,241,1,4,8,5,1,1,0,1,0,1,0,0,True
2156,3266,1964,Baby Boomers,Graduation,Married,42523.0,Middle,0,0,No,2014-04-23,96,14,36,11,3,26,35,1,1,1,4,2,0,0,0,0,0,0,0,True
2210,7270,1981,Gen Y,Graduation,Divorced,56981.0,Middle,0,0,No,2014-01-25,91,908,48,217,32,12,24,1,2,3,13,6,0,0,0,1,0,0,0,True
